사고번호,사고일시,요일,시군구,사고내용,사망자수,중상자수,경상자수,부상신고자수,사고유형,법규위반,노면상태,기상상태,도로형태,가해운전자 차종,가해운전자 성별,가해운전자 연령,가해운전자 상해정도,피해운전자 차종,피해운전자 성별,피해운전자 연령,피해운전자 상해정도
2021010400100285,2021년 1월 4일 17시,월요일,인천광역시 서구 경서동,경상사고,0,0,1,0,차대차 - 추돌,안전운전불이행,포장 - 건조,맑음,단일로 - 기타,승용,여,26세,상해없음,승용,남,35세,경상
2021010600100564,2021년 1월 6일 22시,수요일,인천광역시 남동구 도림동,경상사고,0,0,4,0,차대차 - 측면충돌,안전거리미확보,포장 - 적설,눈,단일로 - 기타,승용,남,28세,상해없음,승용,여,41세,경상
2021010700100362,2021년 1월 7일 21시,목요일,인천광역시 부평구 삼산동,경상사고,0,0,2,0,차대차 - 추돌,안전운전불이행,포장 - 건조,맑음,단일로 - 기타,승용,여,36세,상해없음,승용,남,26세,경상
2021010800100410,2021년 1월 8일 19시,금요일,인천광역시 부평구 청천동,경상사고,0,0,1,0,차대차 - 측면충돌,안전거리미확보,포장 - 건조,맑음,단일로 - 기타,승용,남,60세,상해없음,승용,여,19세,경상
2021010900100022,2021년 1월 9일 06시,토요일,인천광역시 남동구 논현동,경상사고,0,0,1,0,차대차 - 추돌,안전운전불이행,포장 - 건조,맑음,단일로 - 기타,승용,남,58세,상해없음,승용,남,27세,경상
2021010900100066,2021년 1월 9일 09시,토요일,인천광역시 남동구 남촌동,중상사고,0,1,1,0,차대차 - 측면충돌,중앙선침범,포장 - 건조,맑음,단일로 - 교량,승용,남,27세,상해없음,승용,남,43세,중상
2021011100100053,2021년 1월 11일 07시,월요일,인천광역시 부평구 삼산동,경상사고,0,0,1,0,차대차 - 측면충돌,안전운전불이행,포장 - 건조,맑음,단일로 - 기타,승용,남,53세,상해없음,화물,남,68세,경상
2021011100100085,2021년 1월 11일 08시,월요일,인천광역시 계양구 상야동,경상사고,0,0,1,0,차대차 - 측면충돌,안전거리미확보,포장 - 건조,맑음,단일로 - 교량,승용,남,41세,상해없음,화물,남,60세,경상
2021011100100086,2021년 1월 11일 08시,월요일,인천광역시 남동구 서창동,경상사고,0,0,1,0,차대차 - 측면충돌,안전거리미확보,포장 - 젖음/습기,흐림,단일로 - 교량,승용,여,54세,상해없음,승용,남,65세,경상
2021011200100117,2021년 1월 12일 10시,화요일,인천광역시 부평구 삼산동,경상사고,0,0,1,0,차대차 - 측면충돌,안전거리미확보,포장 - 젖음/습기,맑음,단일로 - 교량,화물,남,44세,상해없음,승용,여,44세,경상
2021011200100203,2021년 1월 12일 13시,화요일,인천광역시 남동구 논현동,경상사고,0,0,1,0,차대차 - 추돌,안전거리미확보,포장 - 젖음/습기,맑음,기타 - 기타,승용,여,26세,상해없음,승용,남,55세,경상
2021011200100237,2021년 1월 12일 14시,화요일,인천광역시 서구 경서동,부상신고사고,0,0,0,1,차대차 - 추돌,안전운전불이행,포장 - 건조,맑음,단일로 - 지하차도(도로)내,화물,남,64세,부상신고,화물,남,46세,상해없음
2021011300100191,2021년 1월 13일 12시,수요일,인천광역시 부평구 일신동,경상사고,0,0,1,0,차대차 - 측면충돌,차로위반,포장 - 건조,맑음,단일로 - 교량,건설기계,남,48세,상해없음,승용,남,24세,경상
2021011300100425,2021년 1월 13일 19시,수요일,인천광역시 남동구 남촌동,경상사고,0,0,1,0,차대차 - 측면충돌,안전거리미확보,포장 - 건조,맑음,단일로 - 기타,승용,여,32세,상해없음,승용,남,33세,경상
2021011400100207,2021년 1월 14일 11시,목요일,인천광역시 계양구 서운동,경상사고,0,0,1,0,차대차 - 추돌,차로위반,포장 - 건조,맑음,단일로 - 기타,화물,남,79세,상해없음,화물,남,65세,경상
2021011400100267,2021년 1월 14일 13시,목요일,인천광역시 미추홀구 학익동,사망사고,1,1,1,0,차대차 - 추돌,안전운전불이행,포장 - 건조,맑음,단일로 - 기타,화물,남,63세,상해없음,화물,남,54세,사망
2021011500100447,2021년 1월 15일 18시,금요일,인천광역시 남동구 도림동,경상사고,0,0,2,0,차대차 - 측면충돌,안전거리미확보,포장 - 건조,맑음,단일로 - 기타,승용,남,60세,상해없음,승용,여,52세,경상
2021011800100282,2021년 1월 18일 17시,월요일,인천광역시 계양구 서운동,중상사고,0,1,1,0,차대차 - 측면충돌,안전거리미확보,포장 - 젖음/습기,흐림,단일로 - 교량,승용,남,28세,상해없음,승용,여,29세,중상
2021011900100026,2021년 1월 19일 05시,화요일,인천광역시 부평구 삼산동,사망사고,1,0,1,0,차대차 - 추돌,안전거리미확보,포장 - 건조,맑음,단일로 - 기타,화물,남,63세,사망,화물,남,42세,경상
2021011900100095,2021년 1월 19일 08시,화요일,인천광역시 남동구 남촌동,경상사고,0,0,1,0,차대차 - 추돌,안전운전불이행,포장 - 건조,맑음,단일로 - 기타,승용,남,39세,상해없음,승용,여,26세,경상
2021011900100450,2021년 1월 19일 18시,화요일,인천광역시 부평구 청천동,경상사고,0,0,1,0,차대차 - 측면충돌,안전거리미확보,포장 - 건조,맑음,단일로 - 기타,승용,남,48세,상해없음,승용,남,54세,경상
2021012000100353,2021년 1월 20일 15시,수요일,인천광역시 계양구 작전동,경상사고,0,0,1,0,차대차 - 측면충돌,안전거리미확보,포장 - 건조,맑음,단일로 - 교량,승용,남,62세,상해없음,승용,여,41세,경상
2021012000100519,2021년 1월 20일 18시,수요일,인천광역시 남동구 서창동,경상사고,0,0,1,0,차대차 - 추돌,안전운전불이행,포장 - 건조,맑음,단일로 - 기타,승용,남,29세,상해없음,화물,남,40세,경상
2021012300100091,2021년 1월 23일 10시,토요일,인천광역시 남동구 장수동,경상사고,0,0,2,0,차대차 - 추돌,안전운전불이행,포장 - 건조,맑음,단일로 - 기타,화물,남,60세,상해없음,승용,여,50세,경상
2021012500100087,2021년 1월 25일 08시,월요일,인천광역시 계양구 선주지동,경상사고,0,0,1,0,차대차 - 기타,안전운전불이행,포장 - 건조,맑음,기타 - 기타,특수,남,53세,상해없음,승용,여,59세,경상
2021012900100488,2021년 1월 29일 19시,금요일,인천광역시 부평구 삼산동,경상사고,0,0,1,0,차대차 - 측면충돌,안전거리미확보,포장 - 건조,맑음,단일로 - 교량,승용,남,62세,상해없음,승용,남,34세,경상
2021012900100517,2021년 1월 29일 20시,금요일,인천광역시 부평구 일신동,경상사고,0,0,1,0,차대차 - 추돌,안전운전불이행,포장 - 건조,맑음,단일로 - 고가도로위,승용,남,30세,상해없음,승용,남,29세,경상
2021013000100527,2021년 1월 30일 21시,토요일,인천광역시 계양구 동양동,부상신고사고,0,0,0,1,차대차 - 측면충돌,안전거리미확보,포장 - 건조,맑음,단일로 - 교량,승용,남,30세,상해없음,승용,남,50세,부상신고
2021020300100465,2021년 2월 3일 19시,수요일,인천광역시 계양구 서운동,경상사고,0,0,2,0,차대차 - 추돌,안전운전불이행,포장 - 건조,맑음,단일로 - 교량,승용,남,57세,상해없음,승용,남,61세,경상
2021020400100147,2021년 2월 4일 09시,목요일,인천광역시 계양구 서운동,경상사고,0,0,1,1,차대차 - 측면충돌,안전거리미확보,포장 - 젖음/습기,눈,단일로 - 교량,승용,남,62세,부상신고,화물,남,37세,경상
2021020500100073,2021년 2월 5일 08시,금요일,인천광역시 남동구 남촌동,경상사고,0,0,1,0,차대차 - 측면충돌,안전거리미확보,포장 - 건조,맑음,단일로 - 기타,승용,여,44세,상해없음,승용,남,27세,경상
2021020500100356,2021년 2월 5일 16시,금요일,인천광역시 미추홀구 문학동,경상사고,0,0,1,0,차대차 - 측면충돌,안전거리미확보,포장 - 건조,맑음,단일로 - 교량,화물,남,65세,상해없음,승용,남,61세,경상
2021020500100462,2021년 2월 5일 18시,금요일,인천광역시 부평구 일신동,부상신고사고,0,0,0,1,차대차 - 측면충돌,안전운전불이행,포장 - 건조,맑음,단일로 - 교량,기타불명,기타불명,미분류,기타불명,승용,여,43세,부상신고
2021020500100571,2021년 2월 5일 20시,금요일,인천광역시 부평구 삼산동,중상사고,0,2,0,0,차대차 - 측면충돌,안전운전불이행,포장 - 건조,맑음,단일로 - 교량,승용,여,30세,상해없음,승용,남,36세,중상
2021021100100282,2021년 2월 11일 19시,목요일,인천광역시 부평구 삼산동,경상사고,0,0,1,1,차대차 - 측면충돌,안전운전불이행,포장 - 건조,맑음,단일로 - 고가도로위,승용,남,62세,기타불명,승용,남,22세,부상신고
2021021200100106,2021년 2월 12일 13시,금요일,인천광역시 연수구 동춘동,중상사고,0,1,1,0,차대차 - 측면충돌,안전거리미확보,포장 - 건조,맑음,단일로 - 교량,승용,남,42세,상해없음,승용,남,50세,경상
2021021300100322,2021년 2월 13일 20시,토요일,인천광역시 계양구 귤현동,경상사고,0,0,1,0,차대차 - 측면충돌,안전운전불이행,포장 - 건조,맑음,단일로 - 기타,승용,여,19세,상해없음,승용,남,38세,경상
2021021500100404,2021년 2월 15일 19시,월요일,인천광역시 남동구 운연동,경상사고,0,0,1,0,차대차 - 기타,안전거리미확보,포장 - 건조,맑음,기타 - 기타,화물,남,55세,상해없음,승용,남,61세,경상
2021021600100053,2021년 2월 16일 07시,화요일,인천광역시 부평구 구산동,경상사고,0,0,3,0,차대차 - 추돌,신호위반,포장 - 건조,맑음,단일로 - 교량,승용,남,35세,상해없음,승용,남,40세,경상
2021021700100373,2021년 2월 17일 17시,수요일,인천광역시 연수구 동춘동,경상사고,0,0,3,0,차대차 - 기타,안전거리미확보,포장 - 건조,맑음,단일로 - 교량,승합,남,42세,상해없음,화물,남,55세,경상
2021021700100555,2021년 2월 17일 22시,수요일,인천광역시 남동구 논현동,중상사고,0,1,1,0,차대차 - 추돌,안전운전불이행,포장 - 건조,맑음,단일로 - 교량,승용,여,25세,상해없음,승용,남,62세,중상
2021021900100708,2021년 2월 19일 22시,금요일,인천광역시 남동구 남촌동,경상사고,0,0,1,0,차대차 - 추돌,안전거리미확보,포장 - 건조,맑음,단일로 - 교량,승용,남,46세,상해없음,승용,남,24세,경상
2021022100100405,2021년 2월 21일 23시,일요일,인천광역시 계양구 효성동,부상신고사고,0,0,0,1,차대차 - 기타,차로위반,포장 - 건조,맑음,단일로 - 기타,기타불명,기타불명,미분류,기타불명,승용,남,28세,부상신고
2021022200100233,2021년 2월 22일 12시,월요일,인천광역시 남동구 논현동,경상사고,0,0,4,0,차대차 - 측면충돌,안전거리미확보,포장 - 건조,맑음,단일로 - 교량,특수,남,56세,상해없음,승용,남,51세,경상
2021022200100545,2021년 2월 22일 21시,월요일,인천광역시 계양구 작전동,중상사고,0,1,0,0,차대차 - 측면충돌,안전운전불이행,포장 - 건조,맑음,단일로 - 기타,승용,남,59세,상해없음,승용,남,40세,중상
2021022500100161,2021년 2월 25일 12시,목요일,인천광역시 중구 항동1가,경상사고,0,0,1,0,차대차 - 기타,기타,포장 - 건조,맑음,단일로 - 기타,승용,남,34세,상해없음,특수,남,60세,경상
2021022500100198,2021년 2월 25일 13시,목요일,인천광역시 부평구 삼산동,중상사고,0,1,0,0,차대차 - 추돌,안전운전불이행,포장 - 건조,맑음,기타 - 기타,화물,남,64세,상해없음,승용,여,54세,중상
2021022500100233,2021년 2월 25일 14시,목요일,인천광역시 서구 원창동,경상사고,0,0,1,0,차대차 - 측면충돌,안전운전불이행,포장 - 건조,맑음,단일로 - 터널,건설기계,남,68세,상해없음,승용,남,56세,경상
2021022600100398,2021년 2월 26일 17시,금요일,인천광역시 서구 시천동,중상사고,0,1,2,0,차대차 - 추돌,안전운전불이행,포장 - 건조,맑음,단일로 - 기타,화물,남,25세,상해없음,승용,여,35세,경상
2021022600100615,2021년 2월 26일 23시,금요일,인천광역시 부평구 삼산동,경상사고,0,0,1,0,차대차 - 추돌,안전운전불이행,포장 - 건조,맑음,기타 - 기타,승용,남,48세,상해없음,승용,남,23세,경상
2021022800100160,2021년 2월 28일 13시,일요일,인천광역시 계양구 효성동,중상사고,0,1,0,0,차대차 - 추돌,안전거리미확보,포장 - 건조,맑음,단일로 - 기타,승용,남,46세,상해없음,승용,여,28세,중상
2021022800100375,2021년 2월 28일 22시,일요일,인천광역시 부평구 일신동,경상사고,0,0,1,0,차대차 - 추돌,안전운전불이행,포장 - 건조,맑음,단일로 - 교량,승용,남,61세,상해없음,승용,남,40세,경상
2021030100100446,2021년 3월 1일 22시,월요일,인천광역시 연수구 선학동,경상사고,0,0,1,0,차대차 - 측면충돌,안전운전불이행,포장 - 젖음/습기,비,기타 - 기타,승용,남,29세,상해없음,승용,남,25세,경상
2021030200100007,2021년 3월 2일 00시,화요일,인천광역시 남동구 수산동,경상사고,0,0,2,0,차대차 - 기타,안전운전불이행,포장 - 젖음/습기,비,단일로 - 기타,승용,남,46세,상해없음,승용,남,37세,경상
2021030200100445,2021년 3월 2일 19시,화요일,인천광역시 부평구 청천동,경상사고,0,0,1,0,차대차 - 측면충돌,안전거리미확보,포장 - 건조,맑음,단일로 - 기타,특수,남,51세,상해없음,승용,남,32세,경상
2021030300100031,2021년 3월 3일 05시,수요일,인천광역시 남동구 서창동,부상신고사고,0,0,0,1,차대차 - 기타,안전운전불이행,포장 - 젖음/습기,흐림,단일로 - 기타,기타불명,기타불명,미분류,기타불명,화물,남,32세,부상신고
2021030300100136,2021년 3월 3일 09시,수요일,인천광역시 계양구 계산동,경상사고,0,0,1,0,차대차 - 기타,기타,포장 - 건조,맑음,기타 - 기타,건설기계,남,56세,상해없음,승용,남,52세,경상
2021030400100360,2021년 3월 4일 18시,목요일,인천광역시 서구 원창동,경상사고,0,0,2,0,차대차 - 추돌,안전운전불이행,포장 - 건조,맑음,단일로 - 교량,화물,남,62세,상해없음,승용,여,32세,경상
2021030500100117,2021년 3월 5일 08시,금요일,인천광역시 부평구 청천동,경상사고,0,0,1,0,차대차 - 측면충돌,안전운전불이행,포장 - 건조,맑음,단일로 - 기타,승용,여,51세,상해없음,승용,여,38세,경상
2021030500100209,2021년 3월 5일 11시,금요일,인천광역시 부평구 구산동,경상사고,0,0,1,0,차대차 - 측면충돌,기타,포장 - 건조,맑음,단일로 - 기타,화물,남,44세,상해없음,건설기계,남,38세,경상
2021030500100335,2021년 3월 5일 15시,금요일,인천광역시 중구 신흥동1가,사망사고,1,0,2,0,차대차 - 추돌,안전운전불이행,포장 - 건조,맑음,단일로 - 터널,화물,남,37세,상해없음,화물,남,50세,경상
2021031100100145,2021년 3월 11일 10시,목요일,인천광역시 남동구 서창동,경상사고,0,0,1,0,차대차 - 기타,안전거리미확보,포장 - 건조,맑음,단일로 - 기타,화물,남,47세,상해없음,화물,남,44세,경상
2021031200100014,2021년 3월 12일 02시,금요일,인천광역시 동구 송현동,경상사고,0,0,1,0,차대차 - 기타,신호위반,포장 - 건조,맑음,단일로 - 터널,화물,남,62세,상해없음,승용,여,23세,경상
2021031300100251,2021년 3월 13일 13시,토요일,인천광역시 서구 원창동,경상사고,0,0,2,0,차대차 - 기타,기타,포장 - 건조,맑음,단일로 - 터널,건설기계,남,49세,상해없음,승용,남,53세,경상
2021031300100322,2021년 3월 13일 15시,토요일,인천광역시 중구 율목동,경상사고,0,0,1,0,차대차 - 추돌,안전운전불이행,포장 - 건조,맑음,기타 - 기타,건설기계,남,56세,기타불명,승용,남,63세,경상
2021031300100414,2021년 3월 13일 18시,토요일,인천광역시 남동구 도림동,경상사고,0,0,1,0,차대차 - 추돌,안전운전불이행,포장 - 건조,흐림,단일로 - 기타,승용,남,59세,상해없음,승용,남,46세,경상
2021031500100192,2021년 3월 15일 11시,월요일,인천광역시 부평구 삼산동,부상신고사고,0,0,0,1,차대차 - 측면충돌,안전운전불이행,포장 - 건조,맑음,단일로 - 기타,승용,남,43세,상해없음,화물,남,45세,부상신고
2021031600100504,2021년 3월 16일 19시,화요일,인천광역시 남동구 남촌동,경상사고,0,0,1,0,차대차 - 측면충돌,차로위반,포장 - 건조,맑음,단일로 - 교량,화물,남,36세,상해없음,승용,남,45세,경상
2021031800100151,2021년 3월 18일 10시,목요일,인천광역시 부평구 삼산동,중상사고,0,1,1,0,차대차 - 추돌,안전운전불이행,포장 - 건조,맑음,단일로 - 기타,화물,남,25세,상해없음,승용,여,33세,중상
2021031900100471,2021년 3월 19일 18시,금요일,인천광역시 계양구 선주지동,경상사고,0,0,1,0,차대차 - 추돌,안전거리미확보,포장 - 건조,맑음,단일로 - 기타,승용,남,54세,상해없음,승용,남,41세,경상
2021032200100418,2021년 3월 22일 17시,월요일,인천광역시 남동구 장수동,경상사고,0,0,1,0,차대차 - 측면충돌,안전거리미확보,포장 - 건조,맑음,단일로 - 교량,승용,남,62세,상해없음,승용,여,32세,경상
2021032300100235,2021년 3월 23일 13시,화요일,인천광역시 부평구 일신동,중상사고,0,1,1,0,차대차 - 추돌,안전운전불이행,포장 - 건조,맑음,단일로 - 기타,승용,남,23세,상해없음,승용,여,38세,경상
2021032400100073,2021년 3월 24일 07시,수요일,인천광역시 남동구 도림동,경상사고,0,0,1,0,차대차 - 측면충돌,안전거리미확보,포장 - 건조,맑음,단일로 - 기타,승용,남,31세,상해없음,특수,남,51세,경상
2021032700100465,2021년 3월 27일 18시,토요일,인천광역시 중구 운북동,경상사고,0,0,1,0,차대차 - 추돌,기타,포장 - 젖음/습기,비,단일로 - 교량,승용,남,50세,상해없음,승용,남,44세,경상
2021032800100101,2021년 3월 28일 09시,일요일,인천광역시 계양구 서운동,부상신고사고,0,0,0,1,차대차 - 기타,안전거리미확보,포장 - 젖음/습기,비,단일로 - 기타,승합,여,68세,부상신고,승용,남,55세,기타불명
2021032800100145,2021년 3월 28일 11시,일요일,인천광역시 부평구 일신동,경상사고,0,0,1,0,차대차 - 추돌,안전거리미확보,포장 - 건조,흐림,단일로 - 기타,승용,남,67세,상해없음,승용,남,39세,경상
2021032900100114,2021년 3월 29일 08시,월요일,인천광역시 서구 시천동,중상사고,0,1,1,0,차대차 - 추돌,안전거리미확보,포장 - 건조,맑음,단일로 - 교량,화물,남,58세,중상,화물,남,56세,경상
2021033000100495,2021년 3월 30일 18시,화요일,인천광역시 부평구 삼산동,부상신고사고,0,0,0,1,차대차 - 측면충돌,안전거리미확보,포장 - 건조,맑음,단일로 - 기타,기타불명,기타불명,미분류,기타불명,승용,여,28세,부상신고
2021040100100284,2021년 4월 1일 13시,목요일,인천광역시 계양구 계산동,경상사고,0,0,2,0,차대차 - 추돌,기타,포장 - 건조,맑음,단일로 - 기타,승용,남,29세,상해없음,승용,남,33세,경상
2021040300100156,2021년 4월 3일 11시,토요일,인천광역시 계양구 용종동,경상사고,0,0,2,0,차대차 - 측면충돌,안전운전불이행,포장 - 젖음/습기,비,기타 - 기타,화물,남,45세,상해없음,승용,남,42세,경상
2021040400100013,2021년 4월 4일 00시,일요일,인천광역시 부평구 삼산동,경상사고,0,0,1,0,차대차 - 추돌,안전운전불이행,포장 - 젖음/습기,비,단일로 - 교량,승용,남,44세,상해없음,화물,남,23세,경상
2021040600100356,2021년 4월 6일 16시,화요일,인천광역시 부평구 삼산동,경상사고,0,0,1,0,차대차 - 측면충돌,안전운전불이행,포장 - 건조,맑음,단일로 - 교량,화물,남,46세,상해없음,승용,여,28세,경상
2021040800100115,2021년 4월 8일 08시,목요일,인천광역시 계양구 작전동,경상사고,0,0,2,0,차대차 - 추돌,안전운전불이행,포장 - 건조,맑음,교차로 - 교차로부근,승용,남,50세,상해없음,승용,여,44세,경상
2021040800100153,2021년 4월 8일 09시,목요일,인천광역시 서구 청라동,중상사고,0,1,0,1,차대차 - 추돌,안전거리미확보,포장 - 건조,맑음,단일로 - 교량,화물,남,46세,상해없음,화물,남,66세,중상
2021040800100326,2021년 4월 8일 14시,목요일,인천광역시 계양구 작전동,경상사고,0,0,1,0,차대차 - 측면충돌,안전운전불이행,포장 - 건조,맑음,단일로 - 교량,승용,여,43세,상해없음,화물,남,46세,경상
2021040900100107,2021년 4월 9일 08시,금요일,인천광역시 남동구 서창동,경상사고,0,0,1,0,차대차 - 측면충돌,안전거리미확보,포장 - 건조,맑음,단일로 - 교량,화물,남,45세,상해없음,승용,남,40세,경상
2021040900100348,2021년 4월 9일 15시,금요일,인천광역시 중구 신흥동1가,경상사고,0,0,3,0,차대차 - 기타,안전거리미확보,포장 - 건조,맑음,기타 - 기타,화물,남,59세,상해없음,승용,여,35세,경상
2021040900100462,2021년 4월 9일 17시,금요일,인천광역시 계양구 용종동,경상사고,0,0,1,0,차대차 - 기타,안전운전불이행,포장 - 건조,맑음,기타 - 기타,승용,남,44세,상해없음,승용,남,44세,경상
2021041400100571,2021년 4월 14일 23시,수요일,인천광역시 계양구 작전동,중상사고,0,1,1,0,차대차 - 기타,안전거리미확보,포장 - 건조,맑음,단일로 - 교량,승용,남,34세,기타불명,승용,남,62세,중상
2021041600100155,2021년 4월 16일 10시,금요일,인천광역시 부평구 일신동,경상사고,0,0,1,0,차대차 - 측면충돌,기타,포장 - 젖음/습기,비,단일로 - 교량,승용,남,68세,상해없음,화물,남,49세,경상
2021041900100525,2021년 4월 19일 20시,월요일,인천광역시 계양구 효성동,경상사고,0,0,1,0,차대차 - 측면충돌,안전거리미확보,포장 - 건조,맑음,단일로 - 교량,승용,남,59세,상해없음,승용,남,29세,경상
2021042200100059,2021년 4월 22일 07시,목요일,인천광역시 중구 율목동,경상사고,0,0,1,0,차대차 - 기타,안전운전불이행,포장 - 건조,맑음,단일로 - 터널,화물,남,54세,상해없음,특수,남,46세,상해없음
2021042200100138,2021년 4월 22일 09시,목요일,인천광역시 서구 검암동,중상사고,0,1,3,0,차대차 - 기타,안전운전불이행,포장 - 건조,맑음,단일로 - 기타,건설기계,남,57세,경상,승용,남,27세,경상
2021042500100165,2021년 4월 25일 12시,일요일,인천광역시 남동구 논현동,경상사고,0,0,1,0,차대차 - 측면충돌,안전거리미확보,포장 - 건조,맑음,단일로 - 교량,승용,남,27세,상해없음,승용,남,62세,상해없음
2021042600100015,2021년 4월 26일 04시,월요일,인천광역시 계양구 효성동,경상사고,0,0,3,0,차대차 - 기타,기타,포장 - 건조,맑음,단일로 - 기타,화물,남,61세,상해없음,승용,여,30세,경상
2021042600100153,2021년 4월 26일 09시,월요일,인천광역시 미추홀구 문학동,경상사고,0,0,1,0,차대차 - 추돌,안전거리미확보,포장 - 건조,맑음,단일로 - 교량,승용,남,28세,상해없음,승용,여,43세,경상
2021042600100491,2021년 4월 26일 18시,월요일,인천광역시 계양구 귤현동,경상사고,0,0,2,0,차대차 - 기타,안전거리미확보,포장 - 건조,맑음,기타 - 기타,승용,남,29세,상해없음,화물,남,56세,경상
2021042700100153,2021년 4월 27일 10시,화요일,인천광역시 부평구 일신동,경상사고,0,0,1,0,차대차 - 기타,안전거리미확보,포장 - 건조,맑음,기타 - 기타,승용,남,39세,상해없음,승용,남,29세,경상
2021042700100350,2021년 4월 27일 16시,화요일,인천광역시 부평구 삼산동,경상사고,0,0,1,0,차대차 - 측면충돌,안전운전불이행,포장 - 건조,맑음,단일로 - 교량,승용,남,58세,상해없음,승용,남,50세,상해없음
2021042900100423,2021년 4월 29일 17시,목요일,인천광역시 부평구 삼산동,경상사고,0,0,1,0,차대차 - 측면충돌,차로위반,포장 - 건조,맑음,단일로 - 기타,승용,남,58세,상해없음,승용,여,24세,경상
2021043000100008,2021년 4월 30일 00시,금요일,인천광역시 부평구 일신동,경상사고,0,0,3,0,차대차 - 추돌,안전운전불이행,포장 - 젖음/습기,비,단일로 - 기타,승용,남,37세,상해없음,승용,남,27세,경상
2021043000100700,2021년 4월 30일 23시,금요일,인천광역시 중구 운서동,부상신고사고,0,0,0,1,차대차 - 기타,안전거리미확보,포장 - 건조,맑음,기타 - 기타,승용,남,29세,상해없음,승용,남,30세,부상신고
2021050100100053,2021년 5월 1일 04시,토요일,인천광역시 남동구 운연동,사망사고,1,0,0,0,차대차 - 추돌,안전운전불이행,포장 - 젖음/습기,비,단일로 - 교량,화물,남,40세,상해없음,승용,남,35세,사망
2021050100100384,2021년 5월 1일 17시,토요일,인천광역시 계양구 효성동,경상사고,0,0,1,0,차대차 - 추돌,안전거리미확보,포장 - 젖음/습기,비,단일로 - 기타,승용,남,24세,상해없음,승용,남,39세,경상
2021050100100508,2021년 5월 1일 21시,토요일,인천광역시 계양구 병방동,경상사고,0,0,2,0,차대차 - 추돌,안전운전불이행,포장 - 젖음/습기,비,단일로 - 기타,승용,남,51세,상해없음,승용,남,28세,경상
2021050400100008,2021년 5월 4일 00시,화요일,인천광역시 계양구 효성동,경상사고,0,0,1,0,차대차 - 추돌,안전운전불이행,포장 - 건조,맑음,단일로 - 기타,승용,남,43세,상해없음,승합,남,58세,경상
2021050400100146,2021년 5월 4일 10시,화요일,인천광역시 서구 시천동,경상사고,0,0,1,0,차대차 - 추돌,안전운전불이행,포장 - 젖음/습기,비,기타 - 기타,승용,남,34세,상해없음,화물,남,54세,경상
2021050500100373,2021년 5월 5일 16시,수요일,인천광역시 남동구 장수동,경상사고,0,0,1,0,차대차 - 추돌,안전운전불이행,포장 - 건조,맑음,기타 - 기타,승용,남,48세,상해없음,승용,여,50세,경상
2021050600100013,2021년 5월 6일 01시,목요일,인천광역시 연수구 선학동,중상사고,0,1,1,0,차대차 - 추돌,안전운전불이행,포장 - 건조,맑음,단일로 - 기타,승용,남,38세,기타불명,화물,남,49세,상해없음
2021050600100187,2021년 5월 6일 11시,목요일,인천광역시 계양구 동양동,중상사고,0,1,0,0,차대차 - 측면충돌,안전거리미확보,포장 - 건조,맑음,단일로 - 교량,승용,남,31세,상해없음,특수,남,58세,중상
2021050600100285,2021년 5월 6일 14시,목요일,인천광역시 계양구 병방동,경상사고,0,0,2,0,차대차 - 기타,안전거리미확보,포장 - 건조,맑음,기타 - 기타,승용,남,46세,상해없음,화물,남,66세,경상
2021050700100420,2021년 5월 7일 17시,금요일,인천광역시 남동구 남촌동,경상사고,0,0,1,0,차대차 - 측면충돌,차로위반,포장 - 건조,맑음,단일로 - 기타,화물,남,62세,상해없음,승용,남,31세,경상
2021050700100511,2021년 5월 7일 19시,금요일,인천광역시 부평구 삼산동,경상사고,0,0,1,0,차대차 - 기타,안전거리미확보,포장 - 건조,맑음,기타 - 기타,승용,남,28세,상해없음,화물,남,49세,경상
2021050800100044,2021년 5월 8일 04시,토요일,인천광역시 남동구 논현동,경상사고,0,0,2,0,차대차 - 기타,안전거리미확보,포장 - 건조,맑음,기타 - 기타,화물,남,51세,상해없음,승용,남,21세,경상
2021051100100044,2021년 5월 11일 05시,화요일,인천광역시 남동구 남촌동,경상사고,0,0,2,0,차량단독 - 기타,안전운전불이행,포장 - 건조,맑음,단일로 - 기타,이륜,남,16세,경상,,,,
2021051200100024,2021년 5월 12일 04시,수요일,인천광역시 부평구 삼산동,경상사고,0,0,2,0,차대차 - 기타,안전거리미확보,포장 - 건조,맑음,기타 - 기타,화물,남,28세,상해없음,화물,남,47세,경상
2021051300100568,2021년 5월 13일 20시,목요일,인천광역시 계양구 효성동,경상사고,0,0,2,0,차대차 - 기타,안전운전불이행,포장 - 건조,맑음,단일로 - 기타,승용,남,64세,상해없음,승용,남,56세,경상
2021051400100596,2021년 5월 14일 19시,금요일,인천광역시 계양구 서운동,경상사고,0,0,1,0,차대차 - 기타,안전운전불이행,포장 - 건조,맑음,기타 - 기타,화물,남,57세,상해없음,승용,남,42세,경상
2021051500100041,2021년 5월 15일 04시,토요일,인천광역시 부평구 삼산동,경상사고,0,0,1,0,차대차 - 측면충돌,안전거리미확보,포장 - 건조,맑음,단일로 - 기타,승용,남,71세,상해없음,승용,남,33세,경상
2021051800100456,2021년 5월 18일 18시,화요일,인천광역시 남동구 남촌동,경상사고,0,0,1,0,차대차 - 추돌,안전운전불이행,포장 - 건조,맑음,단일로 - 교량,승용,여,58세,상해없음,승용,여,30세,경상
2021051800100534,2021년 5월 18일 20시,화요일,인천광역시 남동구 남촌동,경상사고,0,0,1,0,차대차 - 측면충돌,안전거리미확보,포장 - 건조,흐림,단일로 - 교량,승용,남,58세,상해없음,승용,남,27세,경상
2021051800100590,2021년 5월 18일 22시,화요일,인천광역시 남동구 수산동,경상사고,0,0,1,0,차대차 - 측면충돌,안전거리미확보,포장 - 건조,맑음,단일로 - 교량,승용,남,48세,상해없음,승용,남,61세,경상
2021051900100357,2021년 5월 19일 16시,수요일,인천광역시 부평구 일신동,경상사고,0,0,1,0,차대차 - 측면충돌,안전운전불이행,포장 - 젖음/습기,비,단일로 - 고가도로위,승용,남,30세,상해없음,승용,남,33세,경상
2021051900100402,2021년 5월 19일 17시,수요일,인천광역시 남동구 남촌동,경상사고,0,0,3,0,차대차 - 측면충돌,안전거리미확보,포장 - 건조,맑음,단일로 - 기타,화물,남,64세,상해없음,승용,남,60세,경상
2021052200100069,2021년 5월 22일 07시,토요일,인천광역시 남동구 논현동,경상사고,0,0,2,0,차대차 - 추돌,안전거리미확보,포장 - 건조,맑음,단일로 - 교량,특수,남,59세,상해없음,화물,남,56세,경상
2021052200100139,2021년 5월 22일 10시,토요일,인천광역시 부평구 일신동,경상사고,0,0,1,0,차대차 - 추돌,안전거리미확보,포장 - 건조,맑음,단일로 - 교량,화물,남,66세,상해없음,승용,남,60세,경상
2021052400100211,2021년 5월 24일 12시,월요일,인천광역시 서구 원창동,경상사고,0,0,1,0,차대차 - 측면충돌,안전운전불이행,포장 - 건조,맑음,단일로 - 터널,화물,남,49세,상해없음,특수,남,49세,경상
2021052500100178,2021년 5월 25일 10시,화요일,인천광역시 부평구 삼산동,중상사고,0,2,1,0,차대차 - 측면충돌,안전거리미확보,포장 - 건조,맑음,단일로 - 기타,승용,여,47세,상해없음,승용,남,20세,경상
2021052600100339,2021년 5월 26일 16시,수요일,인천광역시 남동구 장수동,경상사고,0,0,1,0,차대차 - 추돌,안전운전불이행,포장 - 건조,맑음,단일로 - 터널,승용,남,20세,상해없음,승용,남,39세,경상
2021052700100575,2021년 5월 27일 23시,목요일,인천광역시 계양구 효성동,중상사고,0,1,0,0,차대사람 - 차도통행중,안전운전불이행,포장 - 건조,맑음,단일로 - 교량,승용,남,62세,상해없음,보행자,남,62세,중상
2021052800100146,2021년 5월 28일 09시,금요일,인천광역시 부평구 구산동,경상사고,0,0,1,0,차대차 - 측면충돌,안전운전불이행,포장 - 건조,맑음,단일로 - 기타,특수,남,41세,상해없음,승용,남,25세,경상
2021052900100024,2021년 5월 29일 02시,토요일,인천광역시 부평구 일신동,경상사고,0,0,2,0,차대차 - 기타,안전운전불이행,포장 - 건조,맑음,단일로 - 기타,승용,남,46세,경상,승용,남,56세,상해없음
2021052900100560,2021년 5월 29일 22시,토요일,인천광역시 남동구 운연동,경상사고,0,0,2,0,차대차 - 측면충돌,안전거리미확보,포장 - 건조,맑음,단일로 - 교량,화물,남,39세,상해없음,승용,남,23세,경상
2021060300100255,2021년 6월 3일 13시,목요일,인천광역시 부평구 일신동,경상사고,0,0,2,0,차대차 - 추돌,안전운전불이행,포장 - 젖음/습기,흐림,단일로 - 기타,화물,남,60세,경상,승용,남,32세,경상
2021060500100053,2021년 6월 5일 05시,토요일,인천광역시 부평구 삼산동,경상사고,0,0,1,0,차대차 - 측면충돌,안전거리미확보,포장 - 건조,맑음,단일로 - 기타,승용,남,28세,상해없음,승용,남,27세,경상
2021060900100565,2021년 6월 9일 20시,수요일,인천광역시 부평구 구산동,경상사고,0,0,1,0,차대차 - 추돌,안전운전불이행,포장 - 건조,맑음,단일로 - 교량,승용,남,59세,상해없음,승용,남,46세,경상
2021060900100634,2021년 6월 9일 23시,수요일,인천광역시 계양구 갈현동,중상사고,0,1,0,0,차대차 - 측면충돌,차로위반,포장 - 건조,맑음,단일로 - 기타,승용,남,62세,상해없음,승용,남,27세,상해없음
2021061200100623,2021년 6월 12일 23시,토요일,인천광역시 부평구 일신동,경상사고,0,0,4,0,차대차 - 추돌,안전운전불이행,포장 - 건조,맑음,기타 - 기타,승용,남,48세,상해없음,승용,남,28세,경상
2021061400100110,2021년 6월 14일 08시,월요일,인천광역시 부평구 일신동,경상사고,0,0,1,0,차대차 - 측면충돌,안전거리미확보,포장 - 건조,맑음,단일로 - 기타,화물,남,59세,상해없음,승용,여,50세,경상
2021061500100153,2021년 6월 15일 10시,화요일,인천광역시 남동구 수산동,경상사고,0,0,1,0,차대차 - 측면충돌,안전운전불이행,포장 - 젖음/습기,비,단일로 - 기타,승용,남,67세,상해없음,승용,남,67세,경상
2021061800100264,2021년 6월 18일 14시,금요일,인천광역시 서구 원창동,경상사고,0,0,1,0,차대차 - 추돌,안전운전불이행,포장 - 건조,맑음,단일로 - 터널,기타불명,기타불명,미분류,기타불명,화물,남,63세,경상
2021061900100469,2021년 6월 19일 17시,토요일,인천광역시 미추홀구 용현동,중상사고,0,5,2,0,차대차 - 기타,안전운전불이행,포장 - 건조,맑음,기타 - 기타,화물,남,54세,상해없음,승용,여,52세,중상
2021061900100470,2021년 6월 19일 17시,토요일,인천광역시 서구 경서동,경상사고,0,0,4,0,차대차 - 추돌,안전거리미확보,포장 - 건조,맑음,단일로 - 교량,화물,여,50세,상해없음,승용,남,39세,경상
2021062000100201,2021년 6월 20일 13시,일요일,인천광역시 부평구 삼산동,경상사고,0,0,3,0,차대차 - 기타,안전거리미확보,포장 - 건조,맑음,기타 - 기타,승용,여,23세,상해없음,승용,남,20세,경상
2021062100100260,2021년 6월 21일 12시,월요일,인천광역시 남동구 서창동,중상사고,0,1,0,0,차대차 - 기타,기타,포장 - 건조,맑음,단일로 - 기타,특수,남,57세,상해없음,승용,남,62세,상해없음
2021062100100372,2021년 6월 21일 15시,월요일,인천광역시 남동구 남촌동,경상사고,0,0,1,0,차대차 - 추돌,안전운전불이행,포장 - 건조,맑음,단일로 - 기타,승용,남,68세,상해없음,화물,남,49세,경상
2021062200100287,2021년 6월 22일 13시,화요일,인천광역시 계양구 작전동,경상사고,0,0,1,0,차대차 - 측면충돌,안전운전불이행,포장 - 건조,맑음,단일로 - 고가도로위,화물,남,41세,상해없음,승용,여,42세,경상
2021062200100317,2021년 6월 22일 14시,화요일,인천광역시 부평구 삼산동,경상사고,0,0,1,0,차대차 - 측면충돌,안전거리미확보,포장 - 건조,맑음,단일로 - 기타,화물,남,72세,상해없음,승용,남,22세,경상
2021062300100114,2021년 6월 23일 09시,수요일,인천광역시 계양구 귤현동,경상사고,0,0,1,0,차대차 - 측면충돌,안전거리미확보,포장 - 건조,맑음,단일로 - 기타,화물,남,70세,상해없음,승용,여,57세,경상
2021062400100458,2021년 6월 24일 17시,목요일,인천광역시 부평구 청천동,경상사고,0,0,1,0,차대차 - 추돌,안전운전불이행,포장 - 건조,맑음,단일로 - 기타,화물,남,52세,기타불명,승용,여,24세,경상
2021062600100469,2021년 6월 26일 18시,토요일,인천광역시 부평구 일신동,경상사고,0,0,2,0,차대차 - 기타,안전거리미확보,포장 - 건조,맑음,단일로 - 기타,승용,남,46세,상해없음,승용,남,25세,경상
2021070200100208,2021년 7월 2일 11시,금요일,인천광역시 부평구 일신동,경상사고,0,0,1,0,차대차 - 추돌,안전운전불이행,포장 - 건조,맑음,단일로 - 기타,화물,남,38세,상해없음,승용,남,54세,경상
2021070200100528,2021년 7월 2일 18시,금요일,인천광역시 서구 검암동,경상사고,0,0,1,0,차대차 - 추돌,안전운전불이행,포장 - 건조,맑음,기타 - 기타,화물,남,43세,상해없음,승용,남,44세,경상
2021070300100332,2021년 7월 3일 15시,토요일,인천광역시 남동구 남촌동,경상사고,0,0,1,0,차대차 - 추돌,안전거리미확보,포장 - 젖음/습기,비,단일로 - 기타,승용,여,31세,상해없음,승용,남,30세,경상
2021070300100368,2021년 7월 3일 16시,토요일,인천광역시 중구 운서동,중상사고,0,2,0,0,차대차 - 측면충돌,기타,포장 - 젖음/습기,비,단일로 - 기타,승용,남,31세,상해없음,승용,남,45세,중상
2021070400100380,2021년 7월 4일 19시,일요일,인천광역시 계양구 동양동,경상사고,0,0,2,0,차대차 - 추돌,안전거리미확보,포장 - 건조,맑음,단일로 - 교량,화물,남,63세,상해없음,승용,남,23세,경상
2021070500100466,2021년 7월 5일 18시,월요일,인천광역시 남동구 운연동,경상사고,0,0,2,0,차대차 - 추돌,안전운전불이행,포장 - 건조,맑음,기타 - 기타,승용,남,40세,상해없음,승합,남,45세,경상
2021070700100054,2021년 7월 7일 06시,수요일,인천광역시 남동구 운연동,중상사고,0,1,0,0,차대차 - 측면충돌,안전운전불이행,포장 - 건조,맑음,단일로 - 기타,승합,남,54세,상해없음,승용,남,27세,중상
2021070700100253,2021년 7월 7일 12시,수요일,인천광역시 중구 운서동,경상사고,0,0,1,0,차대차 - 기타,안전거리미확보,포장 - 건조,맑음,기타 - 기타,승용,여,59세,상해없음,승용,여,35세,경상
2021070900100188,2021년 7월 9일 11시,금요일,인천광역시 남동구 장수동,경상사고,0,0,2,0,차대차 - 측면충돌,안전운전불이행,포장 - 건조,맑음,단일로 - 기타,승용,남,30세,상해없음,승용,남,67세,경상
2021070900100377,2021년 7월 9일 16시,금요일,인천광역시 서구 시천동,경상사고,0,0,1,0,차대차 - 기타,안전운전불이행,포장 - 건조,맑음,단일로 - 기타,승용,여,34세,상해없음,승용,남,37세,경상
2021070900100417,2021년 7월 9일 17시,금요일,인천광역시 미추홀구 문학동,경상사고,0,0,2,0,차대차 - 추돌,안전운전불이행,포장 - 건조,맑음,단일로 - 기타,승용,남,22세,기타불명,승용,여,61세,경상
2021070900100582,2021년 7월 9일 21시,금요일,인천광역시 서구 오류동,경상사고,0,0,1,0,차대차 - 추돌,안전거리미확보,포장 - 건조,맑음,단일로 - 교량,승용,남,61세,상해없음,승용,남,39세,경상
2021071000100038,2021년 7월 10일 01시,토요일,인천광역시 서구 경서동,경상사고,0,0,2,0,차대차 - 기타,안전거리미확보,포장 - 건조,맑음,기타 - 기타,승용,남,37세,상해없음,승용,남,24세,경상
2021071200100032,2021년 7월 12일 06시,월요일,인천광역시 서구 경서동,경상사고,0,0,2,0,차대차 - 측면충돌,안전거리미확보,포장 - 건조,흐림,단일로 - 교량,화물,남,61세,상해없음,승용,남,30세,경상
2021071400100603,2021년 7월 14일 22시,수요일,인천광역시 서구 경서동,부상신고사고,0,0,0,1,차대차 - 측면충돌,안전거리미확보,포장 - 건조,맑음,기타 - 기타,승용,남,66세,상해없음,화물,남,64세,부상신고
2021071500100018,2021년 7월 15일 01시,목요일,인천광역시 부평구 삼산동,경상사고,0,0,1,0,차대차 - 측면충돌,안전거리미확보,포장 - 건조,맑음,단일로 - 기타,승용,남,54세,상해없음,승용,남,58세,경상
2021071500100323,2021년 7월 15일 14시,목요일,인천광역시 서구 경서동,경상사고,0,0,1,0,차대차 - 측면충돌,안전거리미확보,포장 - 건조,맑음,단일로 - 터널,승용,남,44세,상해없음,화물,남,42세,경상
2021071600100436,2021년 7월 16일 17시,금요일,인천광역시 부평구 삼산동,경상사고,0,0,1,0,차대차 - 기타,안전거리미확보,포장 - 건조,맑음,기타 - 기타,화물,남,55세,상해없음,승용,남,23세,경상
2021071600100631,2021년 7월 16일 21시,금요일,인천광역시 계양구 병방동,경상사고,0,0,1,0,차대차 - 추돌,안전거리미확보,포장 - 젖음/습기,맑음,단일로 - 기타,특수,남,50세,상해없음,승용,여,51세,경상
2021071700100033,2021년 7월 17일 02시,토요일,인천광역시 부평구 청천동,경상사고,0,0,1,0,차대차 - 추돌,안전운전불이행,포장 - 건조,맑음,단일로 - 기타,승용,남,39세,상해없음,승용,남,38세,경상
2021071900100397,2021년 7월 19일 16시,월요일,인천광역시 중구 신흥동1가,경상사고,0,0,1,0,차대차 - 추돌,안전거리미확보,포장 - 건조,맑음,단일로 - 기타,특수,남,55세,상해없음,화물,여,58세,경상
2021072100100043,2021년 7월 21일 06시,수요일,인천광역시 남동구 논현동,경상사고,0,0,1,0,차대차 - 기타,안전운전불이행,포장 - 건조,맑음,기타 - 기타,승용,남,22세,상해없음,화물,남,52세,경상
2021072100100149,2021년 7월 21일 09시,수요일,인천광역시 계양구 서운동,경상사고,0,0,1,0,차대차 - 측면충돌,안전거리미확보,포장 - 건조,맑음,단일로 - 기타,승용,여,50세,상해없음,승용,남,39세,경상
2021072300100201,2021년 7월 23일 11시,금요일,인천광역시 남동구 도림동,경상사고,0,0,1,0,차대차 - 추돌,안전운전불이행,포장 - 건조,맑음,단일로 - 기타,화물,남,42세,상해없음,화물,남,32세,경상
2021072300100411,2021년 7월 23일 16시,금요일,인천광역시 부평구 삼산동,경상사고,0,0,2,0,차대차 - 측면충돌,안전거리미확보,포장 - 건조,맑음,단일로 - 기타,승용,남,65세,상해없음,승용,남,55세,경상
2021072400100340,2021년 7월 24일 15시,토요일,인천광역시 계양구 효성동,중상사고,0,1,3,0,차대차 - 추돌,안전운전불이행,포장 - 건조,맑음,기타 - 기타,화물,남,63세,상해없음,승용,남,52세,중상
2021072500100345,2021년 7월 25일 18시,일요일,인천광역시 부평구 삼산동,경상사고,0,0,1,0,차대차 - 추돌,안전운전불이행,포장 - 건조,맑음,단일로 - 고가도로위,승용,남,65세,상해없음,승용,여,40세,경상
2021072600100059,2021년 7월 26일 07시,월요일,인천광역시 계양구 효성동,경상사고,0,0,1,0,차대차 - 추돌,안전운전불이행,포장 - 건조,맑음,기타 - 기타,화물,남,38세,상해없음,화물,남,59세,경상
2021072600100180,2021년 7월 26일 10시,월요일,인천광역시 계양구 병방동,경상사고,0,0,2,0,차대차 - 측면충돌,안전거리미확보,포장 - 건조,맑음,단일로 - 교량,승용,남,47세,경상,승용,남,36세,경상
2021072700100138,2021년 7월 27일 09시,화요일,인천광역시 계양구 병방동,경상사고,0,0,1,0,차대차 - 측면충돌,안전운전불이행,포장 - 건조,맑음,단일로 - 기타,승용,여,60세,상해없음,승용,남,64세,경상
2021072700100442,2021년 7월 27일 17시,화요일,인천광역시 계양구 동양동,중상사고,0,1,4,0,차대차 - 추돌,안전운전불이행,포장 - 건조,맑음,단일로 - 기타,승용,남,37세,상해없음,화물,남,53세,경상
2021072800100569,2021년 7월 28일 21시,수요일,인천광역시 부평구 일신동,경상사고,0,0,1,0,차대차 - 추돌,안전거리미확보,포장 - 건조,맑음,단일로 - 기타,승용,여,23세,상해없음,승용,남,51세,경상
2021080100100029,2021년 8월 1일 05시,일요일,인천광역시 계양구 용종동,부상신고사고,0,0,0,1,차대차 - 측면충돌,안전거리미확보,포장 - 건조,맑음,단일로 - 교량,승합,남,66세,상해없음,승용,남,68세,부상신고
2021080200100509,2021년 8월 2일 20시,월요일,인천광역시 남동구 수산동,경상사고,0,0,1,0,차대차 - 측면충돌,안전거리미확보,포장 - 건조,맑음,단일로 - 기타,승용,여,48세,상해없음,승용,여,31세,경상
2021080300100401,2021년 8월 3일 18시,화요일,인천광역시 남동구 남촌동,경상사고,0,0,1,0,차대차 - 추돌,안전운전불이행,포장 - 건조,맑음,단일로 - 기타,승용,여,55세,상해없음,승용,남,45세,경상
2021080700100056,2021년 8월 7일 07시,토요일,인천광역시 계양구 동양동,부상신고사고,0,0,0,1,차대차 - 측면충돌,안전운전불이행,포장 - 건조,맑음,단일로 - 기타,승용,남,50세,상해없음,승용,남,26세,부상신고
2021081000100369,2021년 8월 10일 17시,화요일,인천광역시 남동구 남촌동,경상사고,0,0,1,0,차대차 - 추돌,안전운전불이행,포장 - 건조,맑음,단일로 - 기타,승용,여,47세,상해없음,승용,남,22세,경상
2021081100100087,2021년 8월 11일 08시,수요일,인천광역시 서구 시천동,중상사고,0,1,2,0,차대차 - 기타,안전운전불이행,포장 - 건조,맑음,기타 - 기타,건설기계,남,50세,상해없음,화물,남,49세,경상
2021081100100439,2021년 8월 11일 19시,수요일,인천광역시 남동구 수산동,경상사고,0,0,1,0,차대차 - 추돌,안전운전불이행,포장 - 건조,맑음,단일로 - 기타,승용,남,30세,상해없음,승용,여,38세,경상
2021081200100528,2021년 8월 12일 21시,목요일,인천광역시 부평구 삼산동,경상사고,0,0,1,0,차대차 - 추돌,안전거리미확보,포장 - 건조,맑음,단일로 - 기타,화물,남,49세,상해없음,화물,남,39세,경상
2021081600100188,2021년 8월 16일 13시,월요일,인천광역시 남동구 논현동,경상사고,0,0,3,0,차대차 - 측면충돌,안전거리미확보,포장 - 건조,맑음,단일로 - 기타,승용,여,30세,상해없음,승용,여,55세,경상
2021081700100011,2021년 8월 17일 01시,화요일,인천광역시 계양구 상야동,중상사고,0,1,0,0,차대차 - 기타,안전운전불이행,포장 - 건조,맑음,단일로 - 교량,승용,남,32세,중상,승용,여,40세,상해없음
2021081700100012,2021년 8월 17일 01시,화요일,인천광역시 부평구 삼산동,중상사고,0,1,0,0,차대차 - 추돌,안전운전불이행,포장 - 건조,맑음,기타 - 기타,승용,남,36세,상해없음,화물,남,44세,중상
2021081800100573,2021년 8월 18일 22시,수요일,인천광역시 미추홀구 학익동,경상사고,0,0,4,0,차대차 - 추돌,안전운전불이행,포장 - 건조,맑음,단일로 - 교량,승용,남,26세,상해없음,승용,여,43세,경상
2021082000100169,2021년 8월 20일 11시,금요일,인천광역시 중구 중산동,중상사고,0,1,4,0,차대차 - 측면충돌,안전거리미확보,포장 - 건조,맑음,단일로 - 교량,승용,남,73세,경상,승용,남,30세,중상
2021082100100223,2021년 8월 21일 13시,토요일,인천광역시 부평구 청천동,경상사고,0,0,1,0,차대차 - 추돌,안전거리미확보,포장 - 건조,맑음,단일로 - 교량,승용,남,63세,상해없음,승용,남,29세,경상
2021082300100345,2021년 8월 23일 16시,월요일,인천광역시 부평구 삼산동,경상사고,0,0,1,1,차대차 - 측면충돌,안전운전불이행,포장 - 젖음/습기,비,단일로 - 기타,화물,남,59세,상해없음,승용,여,43세,경상
2021082400100223,2021년 8월 24일 13시,화요일,인천광역시 부평구 일신동,경상사고,0,0,1,0,차대차 - 측면충돌,안전운전불이행,포장 - 건조,맑음,단일로 - 기타,승용,남,69세,상해없음,승용,남,25세,경상
2021082600100025,2021년 8월 26일 04시,목요일,인천광역시 부평구 삼산동,부상신고사고,0,0,0,1,차대차 - 측면충돌,안전거리미확보,포장 - 건조,맑음,단일로 - 교량,기타불명,기타불명,미분류,기타불명,승용,남,29세,부상신고
2021082600100231,2021년 8월 26일 12시,목요일,인천광역시 부평구 일신동,경상사고,0,0,3,0,차대차 - 측면충돌,안전거리미확보,포장 - 건조,맑음,단일로 - 기타,화물,남,57세,상해없음,승용,남,25세,경상
2021082700100551,2021년 8월 27일 21시,금요일,인천광역시 부평구 구산동,경상사고,0,0,4,0,차대차 - 추돌,안전운전불이행,포장 - 건조,맑음,단일로 - 교량,승용,남,29세,상해없음,승용,남,23세,경상
2021083000100385,2021년 8월 30일 17시,월요일,인천광역시 남동구 논현동,중상사고,0,1,1,1,차대차 - 추돌,안전거리미확보,포장 - 건조,흐림,단일로 - 교량,화물,남,58세,중상,승용,남,27세,부상신고
2021083100100627,2021년 8월 31일 21시,화요일,인천광역시 계양구 용종동,부상신고사고,0,0,0,1,차대차 - 추돌,안전운전불이행,포장 - 젖음/습기,비,단일로 - 기타,기타불명,기타불명,미분류,기타불명,승용,여,29세,부상신고
2021083100100674,2021년 8월 31일 23시,화요일,인천광역시 남동구 장수동,중상사고,0,1,1,0,차대차 - 기타,안전운전불이행,포장 - 젖음/습기,비,단일로 - 기타,승용,남,33세,상해없음,승용,남,64세,중상
2021090100100012,2021년 9월 1일 01시,수요일,인천광역시 남동구 남촌동,경상사고,0,0,2,0,차대차 - 추돌,안전운전불이행,포장 - 젖음/습기,비,단일로 - 기타,기타불명,기타불명,미분류,기타불명,승용,남,37세,경상
2021090800100251,2021년 9월 8일 12시,수요일,인천광역시 부평구 일신동,경상사고,0,0,1,0,차대차 - 측면충돌,안전거리미확보,포장 - 건조,맑음,단일로 - 교량,승용,남,68세,상해없음,승용,남,45세,경상
2021090900100508,2021년 9월 9일 19시,목요일,인천광역시 계양구 서운동,경상사고,0,0,2,0,차대차 - 추돌,안전운전불이행,포장 - 건조,맑음,단일로 - 기타,승용,남,38세,상해없음,승용,남,23세,경상
2021090900100532,2021년 9월 9일 20시,목요일,인천광역시 부평구 일신동,경상사고,0,0,6,0,차대차 - 추돌,안전운전불이행,포장 - 건조,맑음,단일로 - 교량,화물,남,40세,상해없음,승용,남,52세,경상
2021090900100533,2021년 9월 9일 20시,목요일,인천광역시 부평구 구산동,경상사고,0,0,1,0,차대차 - 후진중충돌,안전운전불이행,포장 - 건조,맑음,단일로 - 기타,화물,남,53세,상해없음,승용,여,30세,경상
2021091000100205,2021년 9월 10일 11시,금요일,인천광역시 미추홀구 문학동,경상사고,0,0,1,0,차대차 - 측면충돌,안전거리미확보,포장 - 건조,맑음,단일로 - 기타,승용,남,56세,상해없음,화물,남,59세,경상
2021091100100148,2021년 9월 11일 10시,토요일,인천광역시 남동구 남촌동,경상사고,0,0,2,0,차대차 - 측면충돌,신호위반,포장 - 건조,맑음,단일로 - 교량,화물,남,47세,상해없음,승용,남,23세,경상
2021091300100470,2021년 9월 13일 17시,월요일,인천광역시 부평구 삼산동,경상사고,0,0,4,0,차대차 - 추돌,안전운전불이행,포장 - 건조,맑음,단일로 - 교량,화물,남,58세,상해없음,승용,남,39세,경상
2021091400100168,2021년 9월 14일 09시,화요일,인천광역시 계양구 병방동,경상사고,0,0,1,0,차대차 - 기타,신호위반,포장 - 건조,맑음,단일로 - 교량,승용,남,43세,상해없음,승용,남,29세,경상
2021091500100172,2021년 9월 15일 09시,수요일,인천광역시 부평구 삼산동,경상사고,0,0,1,0,차대차 - 기타,기타,포장 - 건조,맑음,단일로 - 기타,화물,남,37세,상해없음,승용,여,39세,경상
2021091600100155,2021년 9월 16일 09시,목요일,인천광역시 부평구 삼산동,경상사고,0,0,1,0,차대차 - 기타,안전거리미확보,포장 - 건조,맑음,기타 - 기타,승용,남,76세,상해없음,특수,남,52세,경상
2021091800100321,2021년 9월 18일 13시,토요일,인천광역시 계양구 효성동,경상사고,0,0,1,0,차대차 - 추돌,안전운전불이행,포장 - 건조,맑음,기타 - 기타,승용,남,55세,상해없음,승용,남,44세,경상
2021091800100544,2021년 9월 18일 18시,토요일,인천광역시 부평구 일신동,경상사고,0,0,1,0,차대차 - 추돌,안전운전불이행,포장 - 건조,맑음,단일로 - 기타,승합,남,61세,상해없음,승용,남,42세,경상
2021091900100188,2021년 9월 19일 13시,일요일,인천광역시 부평구 삼산동,경상사고,0,0,1,0,차대차 - 측면충돌,안전운전불이행,포장 - 건조,맑음,단일로 - 기타,승용,여,62세,상해없음,승용,남,25세,경상
2021092100100008,2021년 9월 21일 01시,화요일,인천광역시 부평구 삼산동,중상사고,0,2,0,0,차대차 - 추돌,안전운전불이행,포장 - 젖음/습기,비,단일로 - 교량,승용,남,49세,중상,승용,여,50세,중상
2021092300100431,2021년 9월 23일 17시,목요일,인천광역시 남동구 남촌동,경상사고,0,0,1,0,차대차 - 측면충돌,안전거리미확보,포장 - 건조,맑음,단일로 - 기타,승용,여,23세,상해없음,승용,남,35세,경상
2021092800100494,2021년 9월 28일 19시,화요일,인천광역시 남동구 논현동,경상사고,0,0,1,0,차대차 - 측면충돌,차로위반,포장 - 젖음/습기,비,단일로 - 교량,화물,남,49세,상해없음,승용,여,51세,경상
2021092800100495,2021년 9월 28일 19시,화요일,인천광역시 부평구 구산동,경상사고,0,0,2,0,차대차 - 기타,안전운전불이행,포장 - 젖음/습기,비,기타 - 기타,승합,남,57세,상해없음,승용,여,23세,경상
2021092800100595,2021년 9월 28일 22시,화요일,인천광역시 부평구 일신동,경상사고,0,0,1,0,차대차 - 측면충돌,신호위반,포장 - 젖음/습기,비,단일로 - 교량,승용,남,27세,상해없음,승용,남,26세,경상
2021092900100103,2021년 9월 29일 08시,수요일,인천광역시 부평구 삼산동,경상사고,0,0,1,0,차대차 - 측면충돌,안전운전불이행,포장 - 젖음/습기,비,단일로 - 기타,승용,남,65세,상해없음,화물,남,50세,경상
2021093000100331,2021년 9월 30일 14시,목요일,인천광역시 동구 송현동,경상사고,0,0,2,0,차대차 - 추돌,안전거리미확보,포장 - 건조,맑음,단일로 - 터널,특수,남,47세,상해없음,승용,여,45세,경상
2021100100100629,2021년 10월 1일 21시,금요일,인천광역시 계양구 동양동,경상사고,0,0,1,0,차대차 - 추돌,안전운전불이행,포장 - 젖음/습기,비,단일로 - 기타,승용,남,52세,상해없음,승용,남,62세,경상
2021100200100635,2021년 10월 2일 23시,토요일,인천광역시 연수구 송도동,경상사고,0,0,1,0,차대차 - 기타,신호위반,포장 - 건조,맑음,기타 - 기타,이륜,남,79세,상해없음,승용,남,46세,경상
2021100300100427,2021년 10월 3일 19시,일요일,인천광역시 중구 운북동,경상사고,0,0,2,0,차대차 - 측면충돌,안전운전불이행,포장 - 건조,맑음,단일로 - 기타,승용,남,42세,기타불명,승용,여,27세,경상
2021100600100047,2021년 10월 6일 06시,수요일,인천광역시 중구 중산동,경상사고,0,0,4,0,차대차 - 측면충돌,안전운전불이행,포장 - 젖음/습기,비,단일로 - 기타,승용,남,49세,상해없음,승합,남,35세,경상
2021100600100304,2021년 10월 6일 14시,수요일,인천광역시 중구 신흥동1가,경상사고,0,0,1,0,차대차 - 기타,안전운전불이행,포장 - 건조,맑음,기타 - 기타,승용,남,48세,상해없음,화물,남,61세,경상
2021100600100339,2021년 10월 6일 15시,수요일,인천광역시 계양구 용종동,경상사고,0,0,1,0,차대차 - 추돌,안전운전불이행,포장 - 건조,맑음,단일로 - 교량,승용,남,61세,상해없음,승용,남,35세,경상
2021100700100307,2021년 10월 7일 14시,목요일,인천광역시 남동구 만수동,경상사고,0,0,1,0,차대차 - 측면충돌,신호위반,포장 - 건조,맑음,단일로 - 기타,승용,남,28세,상해없음,승용,남,29세,경상
2021100800100239,2021년 10월 8일 12시,금요일,인천광역시 부평구 삼산동,경상사고,0,0,1,0,차대차 - 측면충돌,안전운전불이행,포장 - 건조,맑음,단일로 - 고가도로위,화물,남,50세,상해없음,승용,여,44세,경상
2021101000100456,2021년 10월 10일 20시,일요일,인천광역시 부평구 청천동,중상사고,0,1,1,0,차대차 - 추돌,안전운전불이행,포장 - 젖음/습기,비,단일로 - 기타,승용,남,31세,상해없음,승용,남,69세,경상
2021101300100299,2021년 10월 13일 14시,수요일,인천광역시 남동구 남촌동,경상사고,0,0,1,0,차대차 - 기타,안전거리미확보,포장 - 건조,맑음,기타 - 기타,승용,남,47세,상해없음,승용,여,28세,경상
2021101300100380,2021년 10월 13일 16시,수요일,인천광역시 서구 원창동,중상사고,0,1,0,0,차대차 - 기타,안전운전불이행,포장 - 건조,맑음,단일로 - 터널,승용,남,63세,상해없음,화물,남,57세,중상
2021101400100272,2021년 10월 14일 12시,목요일,인천광역시 부평구 구산동,경상사고,0,0,1,0,차대차 - 추돌,안전거리미확보,포장 - 건조,맑음,단일로 - 교량,화물,남,38세,상해없음,승용,여,42세,경상
2021101400100273,2021년 10월 14일 12시,목요일,인천광역시 계양구 계산동,경상사고,0,0,1,0,차대차 - 기타,안전거리미확보,포장 - 건조,맑음,기타 - 기타,승용,남,43세,상해없음,승용,남,38세,경상
2021101500100616,2021년 10월 15일 21시,금요일,인천광역시 부평구 삼산동,경상사고,0,0,1,0,차대차 - 측면충돌,차로위반,포장 - 건조,맑음,단일로 - 기타,승용,남,61세,상해없음,승용,남,33세,경상
2021101600100448,2021년 10월 16일 19시,토요일,인천광역시 계양구 박촌동,경상사고,0,0,2,0,차대차 - 추돌,안전운전불이행,포장 - 건조,맑음,단일로 - 교량,승용,여,51세,기타불명,승합,남,66세,경상
2021101700100255,2021년 10월 17일 16시,일요일,인천광역시 부평구 일신동,경상사고,0,0,1,0,차대차 - 기타,안전운전불이행,포장 - 건조,맑음,단일로 - 고가도로위,승용,남,27세,상해없음,승용,남,31세,경상
2021101700100256,2021년 10월 17일 16시,일요일,인천광역시 미추홀구 문학동,경상사고,0,0,2,0,차대차 - 추돌,안전거리미확보,포장 - 건조,맑음,단일로 - 교량,승용,남,32세,상해없음,승용,여,41세,경상
2021101800100024,2021년 10월 18일 05시,월요일,인천광역시 서구 경서동,중상사고,0,1,0,0,차대차 - 측면충돌,차로위반,포장 - 건조,맑음,단일로 - 터널,승용,남,61세,상해없음,승용,남,51세,중상
2021101800100076,2021년 10월 18일 07시,월요일,인천광역시 부평구 구산동,경상사고,0,0,2,0,차대차 - 기타,안전운전불이행,포장 - 건조,맑음,단일로 - 고가도로위,승용,남,37세,상해없음,승용,여,58세,경상
2021102400100211,2021년 10월 24일 13시,일요일,인천광역시 계양구 서운동,경상사고,0,0,2,0,차대차 - 기타,안전거리미확보,포장 - 건조,맑음,기타 - 기타,승용,남,26세,상해없음,승용,여,57세,경상
2021102500100058,2021년 10월 25일 07시,월요일,인천광역시 부평구 삼산동,경상사고,0,0,1,0,차대차 - 측면충돌,안전운전불이행,포장 - 건조,맑음,기타 - 기타,승용,여,46세,상해없음,승용,남,38세,경상
2021102500100556,2021년 10월 25일 19시,월요일,인천광역시 부평구 삼산동,경상사고,0,0,3,0,차대차 - 측면충돌,안전거리미확보,포장 - 건조,맑음,단일로 - 교량,화물,남,49세,상해없음,승용,여,55세,경상
2021102600100042,2021년 10월 26일 06시,화요일,인천광역시 남동구 도림동,중상사고,0,1,0,0,차대차 - 기타,안전거리미확보,포장 - 건조,맑음,기타 - 기타,승용,여,80세,상해없음,화물,남,50세,중상
2021102700100466,2021년 10월 27일 18시,수요일,인천광역시 남동구 서창동,경상사고,0,0,5,0,차대차 - 측면충돌,안전거리미확보,포장 - 건조,맑음,단일로 - 교량,승용,남,20세,상해없음,승합,남,29세,경상
2021102800100040,2021년 10월 28일 05시,목요일,인천광역시 동구 화수동,사망사고,1,0,0,0,차대차 - 추돌,안전운전불이행,포장 - 건조,맑음,단일로 - 터널,화물,남,37세,사망,화물,남,64세,상해없음
2021102800100138,2021년 10월 28일 08시,목요일,인천광역시 계양구 작전동,경상사고,0,0,2,0,차대차 - 추돌,안전거리미확보,포장 - 건조,맑음,단일로 - 기타,승용,남,34세,상해없음,승용,남,76세,경상
2021102900100686,2021년 10월 29일 23시,금요일,인천광역시 남동구 남촌동,경상사고,0,0,1,0,차대차 - 추돌,안전운전불이행,포장 - 건조,맑음,단일로 - 교량,승용,남,52세,상해없음,승용,남,63세,경상
2021103100100062,2021년 10월 31일 08시,일요일,인천광역시 계양구 병방동,경상사고,0,0,1,0,차대차 - 기타,기타,포장 - 건조,맑음,기타 - 기타,승용,남,62세,상해없음,승용,남,46세,경상
2021110300100121,2021년 11월 3일 08시,수요일,인천광역시 부평구 삼산동,경상사고,0,0,1,0,차대차 - 추돌,안전운전불이행,포장 - 건조,맑음,단일로 - 기타,화물,남,28세,상해없음,승용,여,54세,경상
2021110300100264,2021년 11월 3일 12시,수요일,인천광역시 남동구 논현동,경상사고,0,0,1,0,차대차 - 추돌,안전거리미확보,포장 - 건조,맑음,단일로 - 기타,화물,남,57세,상해없음,화물,남,64세,경상
2021110500100215,2021년 11월 5일 11시,금요일,인천광역시 계양구 박촌동,경상사고,0,0,1,0,차대차 - 측면충돌,안전거리미확보,포장 - 건조,기타,기타 - 기타,승용,남,52세,상해없음,승용,남,26세,경상
2021110500100216,2021년 11월 5일 11시,금요일,인천광역시 부평구 삼산동,경상사고,0,0,1,0,차대차 - 측면충돌,안전거리미확보,포장 - 건조,맑음,단일로 - 기타,화물,남,67세,상해없음,승합,남,56세,경상
2021110800100039,2021년 11월 8일 05시,월요일,인천광역시 계양구 서운동,중상사고,0,1,1,0,차대차 - 기타,안전운전불이행,포장 - 건조,맑음,기타 - 기타,승용,남,34세,상해없음,승용,여,59세,중상
2021111000100218,2021년 11월 10일 11시,수요일,인천광역시 중구 신흥동1가,중상사고,0,1,1,0,차대차 - 추돌,안전운전불이행,포장 - 건조,맑음,단일로 - 교량,화물,남,62세,상해없음,승용,남,37세,중상
2021111000100422,2021년 11월 10일 17시,수요일,인천광역시 남동구 수산동,경상사고,0,0,1,0,차대차 - 측면충돌,안전운전불이행,포장 - 건조,맑음,단일로 - 교량,화물,남,56세,상해없음,승용,남,39세,경상
2021111100100456,2021년 11월 11일 17시,목요일,인천광역시 부평구 구산동,경상사고,0,0,1,0,차대차 - 측면충돌,안전거리미확보,포장 - 건조,맑음,단일로 - 교량,승용,남,36세,상해없음,승용,여,53세,경상
2021111100100654,2021년 11월 11일 23시,목요일,인천광역시 부평구 일신동,경상사고,0,0,2,0,차대차 - 추돌,안전운전불이행,포장 - 건조,맑음,단일로 - 고가도로위,승용,남,32세,상해없음,승용,남,40세,경상
2021111200100264,2021년 11월 12일 12시,금요일,인천광역시 계양구 귤현동,중상사고,0,1,1,0,차대차 - 추돌,안전운전불이행,포장 - 건조,맑음,단일로 - 기타,승용,남,35세,상해없음,승용,남,54세,중상
2021111200100600,2021년 11월 12일 20시,금요일,인천광역시 미추홀구 학익동,경상사고,0,0,1,0,차대차 - 기타,안전거리미확보,포장 - 건조,맑음,기타 - 기타,승용,여,35세,상해없음,승용,남,40세,경상
2021111400100408,2021년 11월 14일 19시,일요일,인천광역시 부평구 삼산동,경상사고,0,0,2,1,차대차 - 측면충돌,안전거리미확보,포장 - 건조,맑음,단일로 - 교량,승용,여,58세,경상,승용,남,35세,경상
2021111600100067,2021년 11월 16일 06시,화요일,인천광역시 부평구 일신동,경상사고,0,0,1,0,차대차 - 측면충돌,안전거리미확보,포장 - 건조,맑음,단일로 - 기타,승용,남,81세,상해없음,화물,남,59세,경상
2021111600100622,2021년 11월 16일 22시,화요일,인천광역시 부평구 삼산동,중상사고,0,1,0,0,차대차 - 추돌,안전거리미확보,포장 - 건조,맑음,단일로 - 교량,승용,남,38세,상해없음,승용,여,21세,중상
2021111700100022,2021년 11월 17일 02시,수요일,인천광역시 남동구 서창동,사망사고,1,0,0,0,차량단독 - 공작물충돌,안전운전불이행,포장 - 건조,맑음,단일로 - 교량,승용,여,37세,사망,,,,
2021111700100055,2021년 11월 17일 06시,수요일,인천광역시 남동구 서창동,경상사고,0,0,1,0,차대차 - 기타,차로위반,포장 - 건조,맑음,단일로 - 교량,승용,여,29세,상해없음,화물,남,40세,경상
2021111900100572,2021년 11월 19일 19시,금요일,인천광역시 계양구 서운동,경상사고,0,0,2,0,차대차 - 측면충돌,안전거리미확보,포장 - 건조,맑음,단일로 - 교량,승용,여,34세,상해없음,승용,남,51세,경상
2021112000100341,2021년 11월 20일 15시,토요일,인천광역시 남동구 장수동,경상사고,0,0,2,0,차대차 - 추돌,안전거리미확보,포장 - 건조,맑음,단일로 - 교량,승용,여,46세,상해없음,승용,여,44세,경상
2021112100100025,2021년 11월 21일 01시,일요일,인천광역시 중구 운남동,중상사고,0,2,1,0,차대차 - 추돌,기타,포장 - 건조,맑음,단일로 - 기타,승용,남,31세,상해없음,승용,여,48세,경상
2021112200100342,2021년 11월 22일 14시,월요일,인천광역시 중구 신흥동1가,경상사고,0,0,2,0,차대차 - 기타,안전운전불이행,포장 - 건조,맑음,단일로 - 기타,화물,남,51세,상해없음,화물,남,24세,경상
2021112300100146,2021년 11월 23일 09시,화요일,인천광역시 미추홀구 문학동,사망사고,1,1,0,0,차대차 - 추돌,안전운전불이행,포장 - 건조,맑음,단일로 - 기타,승용,남,52세,사망,승용,남,41세,중상
2021112400100344,2021년 11월 24일 16시,수요일,인천광역시 남동구 도림동,경상사고,0,0,2,0,차대차 - 측면충돌,안전거리미확보,포장 - 건조,맑음,단일로 - 기타,승용,남,62세,기타불명,승용,남,46세,경상
2021112900100134,2021년 11월 29일 08시,월요일,인천광역시 연수구 송도동,경상사고,0,0,1,0,차대차 - 기타,기타,포장 - 건조,맑음,단일로 - 교량,화물,남,60세,상해없음,승용,남,32세,경상
2021120100100427,2021년 12월 1일 17시,수요일,인천광역시 부평구 일신동,경상사고,0,0,1,0,차대차 - 측면충돌,안전운전불이행,포장 - 건조,맑음,단일로 - 기타,화물,남,68세,상해없음,승용,여,54세,경상
2021120100100497,2021년 12월 1일 18시,수요일,인천광역시 남동구 서창동,경상사고,0,0,1,0,차대차 - 측면충돌,차로위반,포장 - 건조,맑음,단일로 - 기타,승용,남,40세,상해없음,승용,남,27세,경상
2021120200100192,2021년 12월 2일 10시,목요일,인천광역시 미추홀구 문학동,중상사고,0,1,0,0,차대차 - 측면충돌,안전거리미확보,포장 - 건조,맑음,단일로 - 기타,승용,남,42세,상해없음,특수,남,50세,중상
2021120200100322,2021년 12월 2일 14시,목요일,인천광역시 계양구 목상동,경상사고,0,0,1,0,차대차 - 기타,안전운전불이행,포장 - 젖음/습기,비,단일로 - 기타,화물,남,62세,상해없음,승용,남,47세,경상
2021120300100036,2021년 12월 3일 04시,금요일,인천광역시 부평구 일신동,중상사고,0,1,0,0,차량단독 - 공작물충돌,기타,포장 - 젖음/습기,비,단일로 - 교량,승용,남,63세,상해없음,,,,
2021120300100041,2021년 12월 3일 05시,금요일,인천광역시 부평구 일신동,경상사고,0,0,1,0,차대차 - 측면충돌,안전거리미확보,포장 - 젖음/습기,흐림,단일로 - 교량,승용,남,27세,상해없음,화물,남,67세,경상
2021120300100129,2021년 12월 3일 07시,금요일,인천광역시 남동구 남촌동,경상사고,0,0,1,0,차대차 - 측면충돌,안전거리미확보,포장 - 건조,맑음,단일로 - 기타,특수,남,33세,상해없음,승용,남,51세,경상
2021120500100319,2021년 12월 5일 17시,일요일,인천광역시 중구 운남동,경상사고,0,0,1,0,차대차 - 기타,안전운전불이행,포장 - 건조,맑음,단일로 - 기타,승용,여,38세,상해없음,승용,남,38세,경상
2021120600100055,2021년 12월 6일 07시,월요일,인천광역시 중구 신흥동1가,경상사고,0,0,1,0,차대차 - 기타,신호위반,포장 - 건조,맑음,기타 - 기타,화물,남,45세,상해없음,승용,남,32세,경상
2021120600100253,2021년 12월 6일 13시,월요일,인천광역시 미추홀구 학익동,경상사고,0,0,1,0,차대차 - 기타,안전거리미확보,포장 - 건조,맑음,기타 - 기타,승용,남,61세,상해없음,화물,남,58세,경상
2021120700100042,2021년 12월 7일 05시,화요일,인천광역시 계양구 계산동,경상사고,0,0,1,0,차대차 - 측면충돌,안전거리미확보,포장 - 건조,맑음,단일로 - 기타,특수,남,25세,상해없음,승용,남,45세,경상
2021120800100084,2021년 12월 8일 07시,수요일,인천광역시 계양구 서운동,경상사고,0,0,1,0,차대차 - 측면충돌,안전운전불이행,포장 - 건조,맑음,단일로 - 교량,화물,남,50세,상해없음,건설기계,남,29세,상해없음
2021120800100085,2021년 12월 8일 07시,수요일,인천광역시 계양구 서운동,경상사고,0,0,1,0,차대차 - 측면충돌,안전운전불이행,포장 - 건조,맑음,단일로 - 교량,건설기계,남,36세,상해없음,승용,남,57세,경상
2021120900100070,2021년 12월 9일 07시,목요일,인천광역시 계양구 박촌동,경상사고,0,0,1,0,차대차 - 측면충돌,안전거리미확보,포장 - 건조,맑음,단일로 - 기타,특수,남,57세,상해없음,승용,남,47세,경상
2021120900100277,2021년 12월 9일 15시,목요일,인천광역시 부평구 일신동,부상신고사고,0,0,0,1,차대차 - 측면충돌,안전운전불이행,포장 - 건조,흐림,단일로 - 교량,화물,남,47세,상해없음,화물,남,57세,부상신고
2021121000100044,2021년 12월 10일 05시,금요일,인천광역시 남동구 수산동,경상사고,0,0,2,0,차대차 - 기타,안전거리미확보,포장 - 건조,맑음,단일로 - 지하차도(도로)내,특수,남,50세,상해없음,승용,남,58세,경상
2021121000100417,2021년 12월 10일 17시,금요일,인천광역시 동구 송림동,경상사고,0,0,1,0,차대차 - 측면충돌,안전거리미확보,포장 - 건조,맑음,단일로 - 터널,승용,여,55세,상해없음,승용,남,38세,경상
2021121000100604,2021년 12월 10일 21시,금요일,인천광역시 계양구 병방동,경상사고,0,0,1,0,차대차 - 측면충돌,신호위반,포장 - 건조,맑음,단일로 - 기타,승합,남,45세,상해없음,승용,여,26세,경상
2021121300100033,2021년 12월 13일 05시,월요일,인천광역시 부평구 갈산동,중상사고,0,2,0,0,차대차 - 기타,기타,포장 - 건조,맑음,단일로 - 기타,승용,남,52세,상해없음,승용,남,66세,중상
2021121300100432,2021년 12월 13일 17시,월요일,인천광역시 서구 가정동,경상사고,0,0,3,0,차대차 - 측면충돌,안전거리미확보,포장 - 건조,맑음,단일로 - 기타,승용,남,60세,상해없음,승용,여,57세,경상
2021121500100222,2021년 12월 15일 11시,수요일,인천광역시 연수구 선학동,경상사고,0,0,1,0,차대차 - 추돌,안전거리미확보,포장 - 건조,흐림,단일로 - 교량,건설기계,남,49세,상해없음,화물,남,58세,상해없음
2021121600100240,2021년 12월 16일 13시,목요일,인천광역시 남동구 남촌동,경상사고,0,0,1,0,차대차 - 측면충돌,안전거리미확보,포장 - 건조,맑음,단일로 - 교량,건설기계,남,76세,상해없음,승용,여,49세,경상
2021122100100155,2021년 12월 21일 10시,화요일,인천광역시 남동구 운연동,경상사고,0,0,1,0,차대차 - 기타,안전거리미확보,포장 - 건조,맑음,단일로 - 기타,기타불명,기타불명,미분류,기타불명,승용,남,63세,상해없음
2021122100100415,2021년 12월 21일 18시,화요일,인천광역시 남동구 수산동,경상사고,0,0,1,0,차대차 - 측면충돌,안전거리미확보,포장 - 건조,맑음,단일로 - 기타,건설기계,남,56세,상해없음,승용,남,51세,경상
2021122300100376,2021년 12월 23일 17시,목요일,인천광역시 서구 원창동,경상사고,0,0,2,0,차대차 - 측면충돌,안전거리미확보,포장 - 건조,맑음,단일로 - 기타,승용,남,30세,경상,승용,남,41세,경상
2021122400100236,2021년 12월 24일 13시,금요일,인천광역시 부평구 삼산동,중상사고,0,2,0,0,차대차 - 측면충돌,안전거리미확보,포장 - 젖음/습기,눈,단일로 - 교량,화물,남,69세,상해없음,승용,여,52세,중상
2021122400100504,2021년 12월 24일 19시,금요일,인천광역시 서구 원창동,경상사고,0,0,1,0,차대차 - 기타,안전운전불이행,포장 - 건조,맑음,단일로 - 터널,화물,남,67세,상해없음,승용,남,39세,경상
2021122400100595,2021년 12월 24일 21시,금요일,인천광역시 중구 신흥동1가,경상사고,0,0,1,0,차대차 - 기타,신호위반,포장 - 건조,맑음,기타 - 기타,승용,남,53세,상해없음,승용,남,30세,경상
2021122700100341,2021년 12월 27일 16시,월요일,인천광역시 부평구 삼산동,경상사고,0,0,4,0,차대차 - 측면충돌,안전운전불이행,포장 - 젖음/습기,흐림,단일로 - 기타,승용,남,42세,상해없음,화물,남,67세,경상
2021122700100387,2021년 12월 27일 17시,월요일,인천광역시 부평구 청천동,중상사고,0,1,0,0,차대차 - 추돌,안전운전불이행,포장 - 건조,맑음,단일로 - 기타,승용,남,25세,상해없음,승용,여,36세,중상
